model_type,train_seconds,accuracy,macro_f1,weighted_f1,cv_macro_f1_mean,cv_macro_f1_std,cv_scores
tfidf_logistic_regression,0.017185124976094812,0.825,0.8248905565978737,0.8248905565978737,0.6896438543307872,0.07377316659257538,"(0.6761133603238867, 0.716256157635468, 0.5901477832512315, 0.6532019704433498, 0.8125)"
tfidf_naive_bayes,0.016519958968274295,0.775,0.7737272155876807,0.7737272155876808,0.6884275762022192,0.06715725145971721,"(0.6761133603238867, 0.611336032388664, 0.6559139784946236, 0.6862745098039216, 0.8125)"
tfidf_linear_svm,0.01377170899650082,0.85,0.85,0.85,0.6773241511578225,0.053910190727849215,"(0.7117117117117118, 0.6825396825396826, 0.5901477832512315, 0.6532019704433498, 0.7490196078431373)"
