{
  "accuracy": 0.6666666666666666,
  "macro_f1": 0.6666666666666666,
  "weighted_f1": 0.6666666666666666,
  "per_class": {
    "negative": {
      "precision": 1.0,
      "recall": 0.5,
      "f1": 0.6666666666666666,
      "support": 2
    },
    "positive": {
      "precision": 0.5,
      "recall": 1.0,
      "f1": 0.6666666666666666,
      "support": 1
    }
  },
  "labels": [
    "negative",
    "positive"
  ],
  "test_rows": 3
}