{
  "accuracy": 0.825,
  "macro_f1": 0.8248905565978737,
  "weighted_f1": 0.8248905565978737,
  "per_class": {
    "negative": {
      "precision": 0.8095238095238095,
      "recall": 0.85,
      "f1": 0.8292682926829268,
      "support": 20
    },
    "positive": {
      "precision": 0.8421052631578947,
      "recall": 0.8,
      "f1": 0.8205128205128205,
      "support": 20
    }
  },
  "labels": [
    "negative",
    "positive"
  ],
  "test_rows": 40
}